,股號,現價,股數,均價,成本部位,總部位現值,報酬率%,未實現損益,可質押額度,已質押,尚可質押額度
最後更新：11:00:04,,,,,"30,821,371","38,213,197",23.98,"7,391,826","12,550,524","12,578,000","-27,476"
個股,,,,,持股成本,股票現值,報酬%,損益,可質押額度,已質押,尚可質押
股名,股號,現價,股數,均價,"13,620,849","17,313,982",27.11,"3,693,133",0,0,
台耀,6274,1480.00,"1,000",1405.90,"1,405,900","1,474,968",4.91,"69,068",,,
貿聯-ky,3665,2415.00,260,1957.78,"509,024","625,765",22.93,"116,741",,,
創意,3443,8065.00,910,4886.93,"4,447,109","7,314,197",64.47,"2,867,088",,,0
聯發科,2454,4940.00,300,4266.60,"1,279,980","1,476,961",15.39,"196,981",,,
景碩,3189,951.00,"2,000",526.65,"1,053,299","1,895,533",79.96,"842,234",,,
雍智科技,6683,1480.00,"1,100",1692.51,"1,861,763","1,622,465",-12.85,"-239,298",,,
禾伸堂,3026,792.00,"2,000",858.43,"1,716,858","1,578,614",-8.05,"-138,244",,,
聯亞,3081,2660.00,500,2693.83,"1,346,916","1,325,478",-1.59,"-21,438",,,
ETF,,,,,持股成本,股票現值,報酬%,損益,可質押額度,已質押,尚可質押
股名,股號,現價,股數,均價,"6,427,707","9,964,880",55.03,"3,537,173","5,987,304","6,018,000","-30,696"
富邦公司,00692,96.30,"19,000",38.10,"723,822","1,827,140",152.43,"1,103,318","1,097,820","1,100,000","-2,180"
野村臺新50,00935,60.40,"40,000",23.95,"957,852","2,412,620",151.88,"1,454,768","1,449,600","1,490,000","-40,400"
元大高息低波,00713,63.35,"62,000",59.59,"3,694,817","3,922,205",6.15,"227,388","2,356,620","2,350,000","6,620"
群益台灣正2,00685L,12.72,"32,000",10.93,"349,618","406,471",16.26,"56,853","244,224","240,000","4,224"
國泰費半,00830,87.40,"16,000",43.85,"701,598","1,396,444",99.04,"694,846","839,040","838,000","1,040"
債券,,,,,持股成本,股票現值,報酬率%,損益,預估融資額度,已質押,尚可融資額度
股名,股號,現價,股數,均價,"10,772,815","10,934,335",,"161,520","6,563,220","6,560,000","3,220"
中信0-1公債,00864B,46.14,"93,000",45.25,"4,208,594","4,289,308",1.92,"80,714","2,574,612","2,570,000","4,612"
國泰短債,00865B,48.88,"136,000",48.27,"6,564,221","6,645,028",1.23,"80,807","3,988,608","3,990,000","-1,392"
,,,,,,,,,,,
,,,,,,,,,,,1.66
,,,,,,,,,,,維持率